<?xml version="1.1" encoding="UTF-8"?>
<expression:EMFExpression xmi:version="2.0" xmlns:xmi="http://www.omg.org/XMI" xmlns:expression="http:///expression.ecore" id="tMap_1=>" expression="StringHandling.UPCASE(row1.first_name) + ' ' + StringHandling.UPCASE(row1.last_name)">
  <variables name="row1.customer_id" value="0" talendType="id_Integer"/>
  <variables name="row1.first_name" value="null" talendType="id_String"/>
  <variables name="row1.last_name" value="null" talendType="id_String"/>
  <variables name="row1.age" value="0" talendType="id_Integer"/>
  <variables name="row1.gender" value="null" talendType="id_String"/>
  <variables name="row1.city" value="null" talendType="id_String"/>
  <variables name="row1.no_hp" value="null" talendType="id_String"/>
  <variables name="name7" value="value7"/>
</expression:EMFExpression>
